{
    "buggy_19.sol": {
        "unchecked_low_level_calls": [
            276,
            277,
            269,
            270,
            262,
            263,
            255,
            256,
            248,
            249,
            241,
            242,
            234,
            235,
            227,
            228,
            220,
            221,
            213,
            214,
            206,
            207,
            199,
            200,
            192,
            193,
            185,
            186,
            178,
            179,
            171,
            172,
            164,
            165,
            157,
            158,
            150,
            151,
            143,
            144,
            131,
            132,
            121,
            122,
            107,
            108,
            100,
            101,
            93,
            94,
            86,
            87,
            68,
            69,
            58,
            59
        ]
    },
    "buggy_18.sol": {
        "unchecked_low_level_calls": [
            179,
            180,
            109,
            110,
            80,
            81,
            75,
            76,
            471,
            472,
            461,
            462,
            451,
            452,
            436,
            437,
            425,
            426,
            401,
            402,
            384,
            385,
            359,
            360,
            349,
            350,
            339,
            340,
            330,
            331,
            322,
            323,
            312,
            313,
            306,
            307,
            299,
            300,
            292,
            293,
            258,
            259,
            235,
            236,
            208,
            209,
            136,
            137,
            127,
            128,
            116,
            117,
            95,
            96,
            75,
            76,
            72,
            73,
            69,
            70,
            66,
            67,
            63,
            64
        ]
    },
    "buggy_9.sol": {
        "unchecked_low_level_calls": [
            111,
            112,
            106,
            107,
            101,
            102,
            299,
            300,
            288,
            289,
            272,
            273,
            254,
            255,
            238,
            239,
            222,
            223,
            206,
            207,
            190,
            191,
            178,
            179,
            166,
            167,
            155,
            156,
            146,
            147,
            62,
            63,
            96,
            97,
            93,
            94,
            88,
            89,
            85,
            86,
            81,
            82,
            78,
            79,
            75,
            76,
            55,
            56
        ]
    },
    "buggy_42.sol": {
        "unchecked_low_level_calls": [
            105,
            106,
            102,
            103,
            15,
            16,
            180,
            181,
            172,
            173,
            166,
            167,
            159,
            160,
            153,
            154,
            147,
            148,
            134,
            135,
            124,
            125,
            78,
            79,
            75,
            76,
            72,
            73,
            33,
            34,
            22,
            23,
            114,
            115,
            99,
            100,
            96,
            97,
            92,
            93,
            89,
            90,
            86,
            87,
            83,
            84,
            11,
            12,
            8,
            9
        ]
    },
    "buggy_43.sol": {
        "unchecked_low_level_calls": [
            283,
            284,
            209,
            210,
            34,
            35,
            10,
            11,
            344,
            345,
            334,
            335,
            324,
            325,
            312,
            313,
            271,
            272,
            265,
            266,
            259,
            260,
            227,
            228,
            219,
            220,
            168,
            169,
            143,
            144,
            104,
            105,
            98,
            99,
            92,
            93,
            86,
            87,
            78,
            79,
            70,
            71,
            62,
            63,
            53,
            54,
            45,
            46,
            19,
            20,
            236,
            237,
            205,
            206,
            30,
            31,
            27,
            28
        ]
    },
    "buggy_32.sol": {
        "unchecked_low_level_calls": [
            152,
            153,
            149,
            150,
            190,
            191,
            181,
            182,
            143,
            144,
            132,
            133,
            119,
            120,
            103,
            104,
            89,
            90,
            61,
            62,
            58,
            59,
            55,
            56,
            52,
            53,
            49,
            50,
            171,
            172,
            168,
            169,
            165,
            166,
            162,
            163,
            78,
            79,
            75,
            76,
            72,
            73
        ]
    },
    "buggy_30.sol": {
        "unchecked_low_level_calls": [
            711,
            712,
            706,
            707,
            654,
            655,
            651,
            652,
            598,
            599,
            595,
            596,
            777,
            778,
            770,
            771,
            756,
            757,
            748,
            749,
            728,
            729,
            721,
            722,
            700,
            701,
            693,
            694,
            686,
            687,
            680,
            681,
            674,
            675,
            663,
            664,
            644,
            645,
            637,
            638,
            630,
            631,
            624,
            625,
            618,
            619,
            607,
            608,
            564,
            565,
            542,
            543,
            523,
            524,
            511,
            512,
            492,
            493,
            468,
            469,
            444,
            445,
            420,
            421
        ]
    },
    "buggy_36.sol": {
        "unchecked_low_level_calls": [
            185,
            186,
            182,
            183,
            179,
            180,
            176,
            177,
            173,
            174,
            170,
            171,
            34,
            35,
            31,
            32,
            449,
            450,
            393,
            394,
            364,
            365,
            336,
            337,
            312,
            313,
            273,
            274,
            246,
            247,
            228,
            229,
            74,
            75,
            71,
            72,
            68,
            69,
            65,
            66,
            62,
            63,
            59,
            60,
            56,
            57,
            49,
            50,
            43,
            44,
            25,
            26,
            14,
            15,
            166,
            167,
            162,
            163,
            159,
            160,
            156,
            157,
            153,
            154
        ]
    },
    "buggy_44.sol": {
        "unchecked_low_level_calls": [
            282,
            283,
            116,
            117,
            113,
            114,
            34,
            35,
            10,
            11,
            359,
            360,
            349,
            350,
            339,
            340,
            329,
            330,
            317,
            318,
            269,
            270,
            263,
            264,
            257,
            258,
            197,
            198,
            172,
            173,
            133,
            134,
            126,
            127,
            104,
            105,
            98,
            99,
            92,
            93,
            86,
            87,
            78,
            79,
            70,
            71,
            62,
            63,
            53,
            54,
            45,
            46,
            19,
            20,
            234,
            235,
            30,
            31,
            27,
            28
        ]
    },
    "buggy_50.sol": {
        "unchecked_low_level_calls": [
            44,
            45,
            40,
            41,
            223,
            224,
            216,
            217,
            196,
            197,
            175,
            176,
            163,
            164,
            156,
            157,
            149,
            150,
            138,
            139,
            130,
            131,
            122,
            123,
            115,
            116,
            108,
            109,
            101,
            102,
            92,
            93,
            85,
            86,
            76,
            77,
            62,
            63,
            36,
            37,
            32,
            33,
            22,
            23,
            18,
            19,
            14,
            15,
            10,
            11
        ]
    },
    "buggy_8.sol": {
        "unchecked_low_level_calls": [
            239,
            240,
            84,
            85,
            79,
            80,
            74,
            75,
            12,
            13,
            314,
            315,
            303,
            304,
            295,
            296,
            285,
            286,
            275,
            276,
            263,
            264,
            249,
            250,
            217,
            218,
            197,
            198,
            176,
            177,
            159,
            160,
            141,
            142,
            126,
            127,
            103,
            104,
            44,
            45,
            24,
            25,
            234,
            235,
            230,
            231,
            227,
            228,
            69,
            70,
            66,
            67,
            61,
            62,
            57,
            58,
            54,
            55,
            51,
            52,
            8,
            9
        ]
    },
    "buggy_24.sol": {
        "unchecked_low_level_calls": [
            809,
            810,
            796,
            797,
            757,
            758,
            748,
            749,
            695,
            696,
            672,
            673,
            649,
            650,
            626,
            627,
            619,
            620,
            599,
            600,
            587,
            588,
            576,
            577,
            565,
            566,
            540,
            541,
            517,
            518,
            456,
            457,
            445,
            446,
            434,
            435,
            423,
            424,
            407,
            408,
            373,
            374,
            343,
            344,
            328,
            329,
            322,
            323,
            310,
            311,
            284,
            285,
            272,
            273,
            251,
            252,
            248,
            249,
            245,
            246,
            242,
            243,
            239,
            240
        ]
    },
    "buggy_21.sol": {
        "unchecked_low_level_calls": [
            52,
            53,
            404,
            405,
            398,
            399,
            391,
            392,
            376,
            377,
            227,
            228,
            213,
            214,
            193,
            194,
            169,
            170,
            156,
            157,
            147,
            148,
            137,
            138,
            99,
            100,
            14,
            15,
            11,
            12,
            8,
            9,
            5,
            6,
            123,
            124,
            119,
            120,
            115,
            116,
            111,
            112,
            107,
            108,
            103,
            104,
            68,
            69,
            64,
            65,
            60,
            61,
            56,
            57
        ]
    },
    "buggy_12.sol": {
        "unchecked_low_level_calls": [
            138,
            139,
            118,
            119,
            113,
            114,
            347,
            348,
            338,
            339,
            332,
            333,
            317,
            318,
            310,
            311,
            305,
            306,
            299,
            300,
            293,
            294,
            286,
            287,
            280,
            281,
            274,
            275,
            267,
            268,
            259,
            260,
            228,
            229,
            212,
            213,
            206,
            207,
            177,
            178,
            138,
            139,
            135,
            136,
            132,
            133,
            126,
            127,
            113,
            114,
            110,
            111,
            107,
            108,
            104,
            105,
            101,
            102,
            98,
            99,
            250,
            251,
            246,
            247
        ]
    },
    "buggy_7.sol": {
        "unchecked_low_level_calls": [
            174,
            175,
            171,
            172,
            168,
            169,
            28,
            29,
            25,
            26,
            22,
            23,
            19,
            20,
            229,
            230,
            217,
            218,
            201,
            202,
            189,
            190,
            182,
            183,
            155,
            156,
            147,
            148,
            139,
            140,
            130,
            131,
            121,
            122,
            114,
            115,
            107,
            108,
            100,
            101,
            93,
            94,
            86,
            87,
            79,
            80,
            54,
            55,
            47,
            48,
            40,
            41,
            164,
            165,
            161,
            162,
            15,
            16,
            12,
            13,
            9,
            10
        ]
    },
    "buggy_28.sol": {
        "unchecked_low_level_calls": [
            255,
            256,
            247,
            248,
            237,
            238,
            231,
            232,
            223,
            224,
            214,
            215,
            205,
            206,
            182,
            183,
            173,
            174,
            165,
            166,
            146,
            147,
            138,
            139,
            132,
            133,
            126,
            127,
            120,
            121,
            87,
            88,
            81,
            82,
            75,
            76,
            69,
            70,
            113,
            114,
            110,
            111,
            107,
            108,
            104,
            105,
            101,
            102,
            97,
            98,
            94,
            95,
            60,
            61,
            57,
            58,
            54,
            55
        ]
    },
    "buggy_3.sol": {
        "unchecked_low_level_calls": [
            14,
            15,
            11,
            12,
            8,
            9,
            176,
            177,
            169,
            170,
            160,
            161,
            152,
            153,
            140,
            141,
            134,
            135,
            125,
            126,
            115,
            116,
            89,
            90,
            66,
            67,
            42,
            43,
            37,
            38,
            34,
            35,
            30,
            31,
            27,
            28,
            24,
            25,
            21,
            22,
            18,
            19
        ]
    },
    "buggy_11.sol": {
        "unchecked_low_level_calls": [
            71,
            72,
            50,
            51,
            47,
            48,
            257,
            258,
            247,
            248,
            237,
            238,
            222,
            223,
            211,
            212,
            191,
            192,
            174,
            175,
            159,
            160,
            149,
            150,
            139,
            140,
            97,
            98,
            89,
            90,
            78,
            79,
            58,
            59,
            44,
            45,
            41,
            42,
            38,
            39,
            35,
            36,
            32,
            33,
            29,
            30,
            122,
            123,
            119,
            120,
            114,
            115,
            111,
            112,
            108,
            109,
            105,
            106,
            67,
            68,
            64,
            65
        ]
    },
    "buggy_5.sol": {
        "unchecked_low_level_calls": [
            239,
            240,
            84,
            85,
            79,
            80,
            74,
            75,
            12,
            13,
            314,
            315,
            303,
            304,
            295,
            296,
            285,
            286,
            275,
            276,
            263,
            264,
            249,
            250,
            217,
            218,
            197,
            198,
            176,
            177,
            159,
            160,
            141,
            142,
            126,
            127,
            103,
            104,
            44,
            45,
            24,
            25,
            234,
            235,
            230,
            231,
            227,
            228,
            69,
            70,
            66,
            67,
            61,
            62,
            57,
            58,
            54,
            55,
            51,
            52,
            8,
            9
        ]
    },
    "buggy_40.sol": {
        "unchecked_low_level_calls": [
            515,
            516,
            507,
            508,
            489,
            490,
            479,
            480,
            470,
            471,
            442,
            443,
            429,
            430,
            406,
            407,
            385,
            386,
            366,
            367,
            341,
            342,
            320,
            321,
            301,
            302,
            281,
            282,
            267,
            268,
            258,
            259,
            243,
            244,
            234,
            235,
            456,
            457,
            453,
            454,
            450,
            451,
            224,
            225,
            220,
            221,
            216,
            217
        ]
    },
    "buggy_34.sol": {
        "unchecked_low_level_calls": [
            278,
            279,
            270,
            271,
            11,
            12,
            511,
            512,
            498,
            499,
            475,
            476,
            436,
            437,
            415,
            416,
            396,
            397,
            376,
            377,
            362,
            363,
            352,
            353,
            343,
            344,
            328,
            329,
            321,
            322,
            312,
            313,
            301,
            302,
            256,
            257,
            238,
            239,
            228,
            229,
            218,
            219,
            186,
            187,
            174,
            175,
            29,
            30,
            18,
            19,
            156,
            157,
            153,
            154,
            150,
            151,
            146,
            147,
            143,
            144,
            140,
            141,
            135,
            136
        ]
    },
    "buggy_1.sol": {
        "unchecked_low_level_calls": [
            61,
            62,
            58,
            59,
            141,
            142,
            135,
            136,
            127,
            128,
            121,
            122,
            107,
            108,
            97,
            98,
            54,
            55,
            47,
            48,
            39,
            40,
            30,
            31,
            22,
            23,
            86,
            87,
            83,
            84,
            80,
            81,
            71,
            72,
            68,
            69
        ]
    },
    "buggy_20.sol": {
        "unchecked_low_level_calls": [
            178,
            179,
            175,
            176,
            172,
            173,
            70,
            71,
            36,
            37,
            371,
            372,
            359,
            360,
            350,
            351,
            340,
            341,
            334,
            335,
            282,
            283,
            272,
            273,
            255,
            256,
            235,
            236,
            225,
            226,
            214,
            215,
            208,
            209,
            203,
            204,
            199,
            200,
            129,
            130,
            118,
            119,
            84,
            85,
            55,
            56,
            43,
            44,
            319,
            320,
            163,
            164,
            160,
            161,
            157,
            158,
            154,
            155,
            66,
            67,
            32,
            33
        ]
    },
    "buggy_37.sol": {
        "unchecked_low_level_calls": [
            105,
            106,
            80,
            81,
            77,
            78,
            289,
            290,
            279,
            280,
            269,
            270,
            254,
            255,
            243,
            244,
            223,
            224,
            206,
            207,
            191,
            192,
            181,
            182,
            171,
            172,
            131,
            132,
            123,
            124,
            112,
            113,
            93,
            94,
            74,
            75,
            71,
            72,
            68,
            69,
            65,
            66,
            62,
            63,
            59,
            60,
            48,
            49,
            42,
            43,
            36,
            37,
            30,
            31,
            155,
            156,
            152,
            153,
            148,
            149,
            145,
            146,
            142,
            143
        ]
    },
    "buggy_29.sol": {
        "unchecked_low_level_calls": [
            238,
            239,
            235,
            236,
            232,
            233,
            352,
            353,
            343,
            344,
            335,
            336,
            327,
            328,
            315,
            316,
            298,
            299,
            265,
            266,
            26,
            27,
            23,
            24,
            17,
            18,
            179,
            180,
            173,
            174,
            167,
            168,
            161,
            162,
            155,
            156,
            149,
            150
        ]
    },
    "buggy_13.sol": {
        "unchecked_low_level_calls": [
            46,
            47,
            41,
            42,
            36,
            37,
            196,
            197,
            176,
            177,
            159,
            160,
            138,
            139,
            121,
            122,
            103,
            104,
            88,
            89,
            65,
            66,
            31,
            32,
            28,
            29,
            23,
            24,
            19,
            20,
            16,
            17,
            13,
            14
        ]
    },
    "buggy_35.sol": {
        "unchecked_low_level_calls": [
            219,
            220,
            216,
            217,
            213,
            214,
            210,
            211,
            207,
            208,
            204,
            205,
            140,
            141,
            405,
            406,
            384,
            385,
            373,
            374,
            346,
            347,
            338,
            339,
            332,
            333,
            321,
            322,
            311,
            312,
            301,
            302,
            294,
            295,
            280,
            281,
            273,
            274,
            266,
            267,
            253,
            254,
            242,
            243,
            228,
            229,
            169,
            170,
            159,
            160,
            147,
            148,
            200,
            201,
            197,
            198,
            194,
            195,
            190,
            191,
            187,
            188,
            184,
            185
        ]
    },
    "buggy_14.sol": {
        "unchecked_low_level_calls": [
            231,
            232,
            215,
            216,
            206,
            207,
            197,
            198,
            188,
            189,
            172,
            173,
            162,
            163,
            152,
            153,
            141,
            142,
            132,
            133,
            126,
            127,
            120,
            121,
            113,
            114,
            105,
            106,
            98,
            99,
            92,
            93,
            220,
            221,
            179,
            180,
            84,
            85,
            81,
            82,
            75,
            76,
            72,
            73
        ]
    },
    "buggy_23.sol": {
        "unchecked_low_level_calls": [
            424,
            425,
            409,
            410,
            400,
            401,
            391,
            392,
            382,
            383,
            351,
            352,
            340,
            341,
            319,
            320,
            304,
            305,
            288,
            289,
            272,
            273,
            255,
            256,
            239,
            240,
            222,
            223,
            205,
            206,
            189,
            190,
            173,
            174,
            161,
            162,
            149,
            150,
            138,
            139,
            373,
            374,
            370,
            371,
            367,
            368,
            128,
            129,
            124,
            125,
            120,
            121
        ]
    },
    "buggy_10.sol": {
        "unchecked_low_level_calls": [
            23,
            24,
            20,
            21,
            57,
            58,
            51,
            52,
            44,
            45,
            34,
            35,
            11,
            12,
            8,
            9
        ]
    },
    "buggy_39.sol": {
        "unchecked_low_level_calls": [
            44,
            45,
            23,
            24,
            76,
            77,
            60,
            61,
            41,
            42,
            31,
            32,
            48,
            49,
            18,
            19,
            15,
            16,
            12,
            13,
            8,
            9
        ]
    },
    "buggy_33.sol": {
        "unchecked_low_level_calls": [
            105,
            106,
            102,
            103,
            15,
            16,
            181,
            182,
            173,
            174,
            167,
            168,
            160,
            161,
            154,
            155,
            148,
            149,
            135,
            136,
            124,
            125,
            78,
            79,
            75,
            76,
            72,
            73,
            33,
            34,
            22,
            23,
            114,
            115,
            99,
            100,
            96,
            97,
            92,
            93,
            89,
            90,
            86,
            87,
            83,
            84,
            11,
            12,
            8,
            9
        ]
    },
    "buggy_41.sol": {
        "unchecked_low_level_calls": [
            50,
            51,
            45,
            46,
            40,
            41,
            200,
            201,
            180,
            181,
            163,
            164,
            142,
            143,
            125,
            126,
            107,
            108,
            92,
            93,
            69,
            70,
            35,
            36,
            32,
            33,
            27,
            28,
            23,
            24,
            20,
            21,
            17,
            18
        ]
    },
    "buggy_6.sol": {
        "unchecked_low_level_calls": [
            171,
            172,
            168,
            169,
            165,
            166,
            28,
            29,
            25,
            26,
            22,
            23,
            19,
            20,
            223,
            224,
            212,
            213,
            197,
            198,
            186,
            187,
            179,
            180,
            155,
            156,
            147,
            148,
            139,
            140,
            130,
            131,
            121,
            122,
            114,
            115,
            107,
            108,
            100,
            101,
            93,
            94,
            86,
            87,
            79,
            80,
            54,
            55,
            47,
            48,
            40,
            41,
            161,
            162,
            15,
            16,
            12,
            13,
            9,
            10
        ]
    },
    "buggy_48.sol": {
        "unchecked_low_level_calls": [
            98,
            99,
            69,
            70,
            66,
            67,
            298,
            299,
            288,
            289,
            273,
            274,
            262,
            263,
            242,
            243,
            225,
            226,
            212,
            213,
            203,
            204,
            188,
            189,
            178,
            179,
            168,
            169,
            124,
            125,
            116,
            117,
            105,
            106,
            82,
            83,
            63,
            64,
            60,
            61,
            57,
            58,
            54,
            55,
            51,
            52,
            48,
            49,
            152,
            153,
            149,
            150,
            145,
            146,
            142,
            143,
            139,
            140,
            136,
            137,
            94,
            95,
            91,
            92
        ]
    },
    "buggy_22.sol": {
        "unchecked_low_level_calls": [
            185,
            186,
            182,
            183,
            179,
            180,
            176,
            177,
            173,
            174,
            170,
            171,
            34,
            35,
            31,
            32,
            449,
            450,
            393,
            394,
            364,
            365,
            336,
            337,
            312,
            313,
            273,
            274,
            246,
            247,
            228,
            229,
            74,
            75,
            71,
            72,
            68,
            69,
            65,
            66,
            62,
            63,
            59,
            60,
            56,
            57,
            49,
            50,
            43,
            44,
            25,
            26,
            14,
            15,
            166,
            167,
            162,
            163,
            159,
            160,
            156,
            157,
            153,
            154
        ]
    },
    "buggy_46.sol": {
        "unchecked_low_level_calls": [
            139,
            140,
            118,
            119,
            96,
            97,
            84,
            85,
            69,
            70,
            45,
            46,
            21,
            22
        ]
    },
    "buggy_38.sol": {
        "unchecked_low_level_calls": [
            255,
            256,
            247,
            248,
            237,
            238,
            231,
            232,
            223,
            224,
            214,
            215,
            205,
            206,
            182,
            183,
            173,
            174,
            165,
            166,
            146,
            147,
            138,
            139,
            132,
            133,
            126,
            127,
            120,
            121,
            87,
            88,
            81,
            82,
            75,
            76,
            69,
            70,
            113,
            114,
            110,
            111,
            107,
            108,
            104,
            105,
            101,
            102,
            97,
            98,
            94,
            95,
            60,
            61,
            57,
            58,
            54,
            55
        ]
    },
    "buggy_17.sol": {
        "unchecked_low_level_calls": [
            106,
            107,
            102,
            103,
            98,
            99,
            267,
            268,
            261,
            262,
            251,
            252,
            241,
            242,
            229,
            230,
            219,
            220,
            161,
            162,
            150,
            151,
            141,
            142,
            132,
            133,
            125,
            126,
            116,
            117,
            67,
            68,
            56,
            57,
            197,
            198,
            186,
            187,
            183,
            184,
            179,
            180,
            176,
            177,
            173,
            174,
            94,
            95,
            91,
            92,
            87,
            88,
            84,
            85,
            81,
            82,
            78,
            79,
            49,
            50
        ]
    },
    "buggy_4.sol": {
        "unchecked_low_level_calls": [
            155,
            156,
            145,
            146,
            133,
            134,
            107,
            108,
            101,
            102,
            95,
            96,
            65,
            66,
            62,
            63,
            59,
            60,
            56,
            57,
            52,
            53,
            49,
            50,
            45,
            46,
            42,
            43,
            39,
            40,
            35,
            36,
            32,
            33,
            29,
            30
        ]
    },
    "buggy_27.sol": {
        "unchecked_low_level_calls": [
            138,
            139,
            135,
            136,
            132,
            133,
            129,
            130,
            54,
            55,
            402,
            403,
            395,
            396,
            388,
            389,
            381,
            382,
            374,
            375,
            366,
            367,
            358,
            359,
            348,
            349,
            342,
            343,
            334,
            335,
            325,
            326,
            316,
            317,
            258,
            259,
            249,
            250,
            241,
            242,
            182,
            183,
            175,
            176,
            167,
            168,
            161,
            162,
            155,
            156,
            149,
            150,
            112,
            113,
            106,
            107,
            100,
            101,
            94,
            95,
            77,
            78,
            62,
            63
        ]
    },
    "buggy_2.sol": {
        "unchecked_low_level_calls": [
            14,
            15,
            11,
            12,
            8,
            9,
            169,
            170,
            162,
            163,
            153,
            154,
            145,
            146,
            133,
            134,
            124,
            125,
            114,
            115,
            88,
            89,
            65,
            66,
            41,
            42,
            36,
            37,
            33,
            34,
            30,
            31,
            27,
            28,
            24,
            25,
            21,
            22,
            18,
            19
        ]
    },
    "buggy_47.sol": {
        "unchecked_low_level_calls": [
            174,
            175,
            288,
            289,
            281,
            282,
            273,
            274,
            262,
            263,
            255,
            256,
            224,
            225,
            208,
            209,
            199,
            200,
            192,
            193,
            185,
            186,
            121,
            122,
            109,
            110,
            103,
            104,
            97,
            98,
            81,
            82,
            68,
            69,
            61,
            62,
            30,
            31,
            27,
            28,
            24,
            25,
            19,
            20,
            16,
            17,
            13,
            14,
            164,
            165,
            159,
            160,
            156,
            157,
            150,
            151,
            146,
            147,
            142,
            143,
            137,
            138,
            132,
            133
        ]
    },
    "buggy_31.sol": {
        "unchecked_low_level_calls": [
            211,
            212,
            99,
            100,
            249,
            250,
            241,
            242,
            219,
            220,
            184,
            185,
            157,
            158,
            146,
            147,
            136,
            137,
            119,
            120,
            110,
            111,
            207,
            208,
            204,
            205,
            175,
            176,
            95,
            96
        ]
    },
    "buggy_15.sol": {
        "unchecked_low_level_calls": [
            46,
            47,
            41,
            42,
            36,
            37,
            196,
            197,
            176,
            177,
            159,
            160,
            138,
            139,
            121,
            122,
            103,
            104,
            88,
            89,
            65,
            66,
            31,
            32,
            28,
            29,
            23,
            24,
            19,
            20,
            16,
            17,
            13,
            14
        ]
    },
    "buggy_26.sol": {
        "unchecked_low_level_calls": [
            94,
            95,
            88,
            89,
            191,
            192,
            186,
            187,
            177,
            178,
            166,
            167,
            159,
            160,
            152,
            153,
            144,
            145,
            137,
            138,
            131,
            132,
            124,
            125,
            118,
            119,
            112,
            113,
            107,
            108,
            101,
            102,
            88,
            89,
            78,
            79,
            75,
            76,
            72,
            73,
            69,
            70,
            66,
            67,
            63,
            64
        ]
    },
    "buggy_25.sol": {
        "unchecked_low_level_calls": [
            70,
            71,
            67,
            68,
            64,
            65,
            61,
            62,
            58,
            59,
            55,
            56,
            52,
            53,
            239,
            240,
            230,
            231,
            223,
            224,
            216,
            217,
            209,
            210,
            196,
            197,
            160,
            161,
            118,
            119,
            100,
            101,
            85,
            86,
            78,
            79,
            47,
            48,
            35,
            36,
            13,
            14
        ]
    },
    "buggy_16.sol": {
        "unchecked_low_level_calls": [
            316,
            317,
            313,
            314,
            310,
            311,
            79,
            80,
            71,
            72,
            68,
            69,
            307,
            308,
            299,
            300,
            290,
            291,
            280,
            281,
            273,
            274,
            265,
            266,
            259,
            260,
            241,
            242,
            232,
            233,
            225,
            226,
            219,
            220,
            203,
            204,
            196,
            197,
            190,
            191,
            179,
            180,
            162,
            163,
            156,
            157,
            149,
            150,
            143,
            144,
            110,
            111,
            90,
            91,
            65,
            66,
            62,
            63,
            59,
            60,
            56,
            57,
            53,
            54
        ]
    },
    "buggy_49.sol": {
        "unchecked_low_level_calls": [
            44,
            45,
            23,
            24,
            76,
            77,
            60,
            61,
            41,
            42,
            31,
            32,
            48,
            49,
            18,
            19,
            15,
            16,
            12,
            13,
            8,
            9
        ]
    },
    "buggy_45.sol": {
        "unchecked_low_level_calls": [
            31,
            32,
            28,
            29,
            24,
            25,
            21,
            22,
            18,
            19,
            15,
            16,
            12,
            13,
            9,
            10,
            213,
            214,
            207,
            208,
            198,
            199,
            192,
            193,
            165,
            166,
            154,
            155,
            143,
            144,
            135,
            136,
            126,
            127,
            118,
            119,
            81,
            82,
            78,
            79,
            74,
            75,
            71,
            72,
            68,
            69,
            64,
            65,
            60,
            61,
            56,
            57,
            53,
            54,
            50,
            51
        ]
    },
    
    "FibonacciBalance.sol": {
        "access_control": [
            31,
            38
        ]
    },
    "arbitrary_location_write_simple.sol": {
        "access_control": [
            27
        ]
    },
    "incorrect_constructor_name1.sol": {
        "access_control": [
            20
        ]
    },
    "incorrect_constructor_name2.sol": {
        "access_control": [
            18
        ]
    },
    "incorrect_constructor_name3.sol": {
        "access_control": [
            17
        ]
    },
    "mapping_write.sol": {
        "access_control": [
            20
        ]
    },
    "multiowned_vulnerable.sol": {
        "access_control": [
            38
        ]
    },
    "mycontract.sol": {
        "access_control": [
            20
        ]
    },
    "parity_wallet_bug_1.sol": {
        "access_control": [
            223,
            437
        ]
    },
    "parity_wallet_bug_2.sol": {
        "access_control": [
            226,
            233
        ]
    },
    "phishable.sol": {
        "access_control": [
            20
        ]
    },
    "proxy.sol": {
        "access_control": [
            19
        ]
    },
    "rubixi.sol": {
        "access_control": [
            23,
            24
        ]
    },
    "simple_suicide.sol": {
        "access_control": [
            12,
            13
        ]
    },
    "unprotected0.sol": {
        "access_control": [
            25
        ]
    },
    "wallet_02_refund_nosub.sol": {
        "access_control": [
            36
        ]
    },
    "wallet_03_wrong_constructor.sol": {
        "access_control": [
            19,
            20
        ]
    },
    "wallet_04_confused_sign.sol": {
        "access_control": [
            30
        ]
    },
    "BECToken.sol": {
        "arithmetic": [
            264
        ]
    },
    "insecure_transfer.sol": {
        "arithmetic": [
            18
        ]
    },
    "integer_overflow_1.sol": {
        "arithmetic": [
            14
        ]
    },
    "integer_overflow_add.sol": {
        "arithmetic": [
            17
        ]
    },
    "integer_overflow_benign_1.sol": {
        "arithmetic": [
            17
        ]
    },
    "integer_overflow_mapping_sym_1.sol": {
        "arithmetic": [
            16
        ]
    },
    "integer_overflow_minimal.sol": {
        "arithmetic": [
            17
        ]
    },
    "integer_overflow_mul.sol": {
        "arithmetic": [
            17
        ]
    },
    "integer_overflow_multitx_multifunc_feasible.sol": {
        "arithmetic": [
            25
        ]
    },
    "integer_overflow_multitx_onefunc_feasible.sol": {
        "arithmetic": [
            22
        ]
    },
    "overflow_simple_add.sol": {
        "arithmetic": [
            14
        ]
    },
    "overflow_single_tx.sol": {
        "arithmetic": [
            18,
            24,
            30,
            36,
            42,
            48
        ]
    },
    "timelock.sol": {
        "arithmetic": [
            22
        ]
    },
    "token.sol": {
        "arithmetic": [
            20,
            22
        ]
    },
    "tokensalechallenge.sol": {
        "arithmetic": [
            23,
            25,
            33
        ]
    },
    "blackjack.sol": {
        "bad_randomness": [
            17,
            19,
            21
        ]
    },
    "etheraffle.sol": {
        "bad_randomness": [
            49,
            99,
            101,
            103,
            114,
            158
        ]
    },
    "guess_the_random_number.sol": {
        "bad_randomness": [
            15
        ]
    },
    "lottery.sol": {
        "bad_randomness": [
            38,
            42
        ]
    },
    "lucky_doubler.sol": {
        "bad_randomness": [
            127,
            128,
            129,
            130,
            132
        ]
    },
    "old_blockhash.sol": {
        "bad_randomness": [
            35
        ]
    },
    "random_number_generator.sol": {
        "bad_randomness": [
            12,
            18,
            20,
            22
        ]
    },
    "smart_billions.sol": {
        "bad_randomness": [
            523,
            560,
            700,
            702,
            704,
            706,
            708,
            710,
            712,
            714,
            716,
            718
        ]
    },
    "auction.sol": {
        "denial_of_service": [
            23
        ]
    },
    "dos_address.sol": {
        "denial_of_service": [
            16,
            17,
            18
        ]
    },
    "dos_number.sol": {
        "denial_of_service": [
            18,
            19,
            20,
            21,
            22
        ]
    },
    "dos_simple.sol": {
        "denial_of_service": [
            17,
            18
        ]
    },
    "list_dos.sol": {
        "denial_of_service": [
            46,
            48
        ]
    },
    "send_loop.sol": {
        "denial_of_service": [
            24
        ]
    },
    "ERC20.sol": {
        "front_running": [
            110,
            113
        ]
    },
    "FindThisHash.sol": {
        "front_running": [
            17
        ]
    },
    "eth_tx_order_dependence_minimal.sol": {
        "front_running": [
            23,
            31
        ]
    },
    "odds_and_evens.sol": {
        "front_running": [
            25,
            28
        ]
    },
    "crypto_roulette.sol": {
        "other": [
            40,
            41,
            42
        ]
    },
    "name_registrar.sol": {
        "other": [
            21
        ]
    },
    "open_address_lottery.sol": {
        "other": [
            91
        ]
    },
    "0x01f8c4e3fa3edeb29e514cba738d87ce8c091d3f.sol": {
        "reentrancy": [
            54
        ]
    },
    "0x23a91059fdc9579a9fbd0edc5f2ea0bfdb70deb4.sol": {
        "reentrancy": [
            38
        ]
    },
    "0x4320e6f8c05b27ab4707cd1f6d5ce6f3e4b3a5a1.sol": {
        "reentrancy": [
            55
        ]
    },
    "0x4e73b32ed6c35f570686b89848e5f39f20ecc106.sol": {
        "reentrancy": [
            54
        ]
    },
    "0x561eac93c92360949ab1f1403323e6db345cbf31.sol": {
        "reentrancy": [
            54
        ]
    },
    "0x627fa62ccbb1c1b04ffaecd72a53e37fc0e17839.sol": {
        "reentrancy": [
            94
        ],
        "unchecked_low_level_calls": [
            44
        ]
    },
    "0x7541b76cb60f4c60af330c208b0623b7f54bf615.sol": {
        "reentrancy": [
            29
        ]
    },
    "0x7a8721a9d64c74da899424c1b52acbf58ddc9782.sol": {
        "reentrancy": [
            52
        ]
    },
    "0x7b368c4e805c3870b6c49a3f1f49f69af8662cf3.sol": {
        "reentrancy": [
            29
        ]
    },
    "0x8c7777c45481dba411450c228cb692ac3d550344.sol": {
        "reentrancy": [
            41
        ]
    },
    "0x93c32845fae42c83a70e5f06214c8433665c2ab5.sol": {
        "reentrancy": [
            29
        ]
    },
    "0x941d225236464a25eb18076df7da6a91d0f95e9e.sol": {
        "reentrancy": [
            44
        ]
    },
    "0x96edbe868531bd23a6c05e9d0c424ea64fb1b78b.sol": {
        "reentrancy": [
            63
        ]
    },
    "0xaae1f51cf3339f18b6d3f3bdc75a5facd744b0b8.sol": {
        "reentrancy": [
            54
        ]
    },
    "0xb5e1b1ee15c6fa0e48fce100125569d430f1bd12.sol": {
        "reentrancy": [
            40
        ]
    },
    "0xb93430ce38ac4a6bb47fb1fc085ea669353fd89e.sol": {
        "reentrancy": [
            38
        ]
    },
    "0xbaf51e761510c1a11bf48dd87c0307ac8a8c8a4f.sol": {
        "reentrancy": [
            41
        ]
    },
    "0xbe4041d55db380c5ae9d4a9b9703f1ed4e7e3888.sol": {
        "reentrancy": [
            63
        ]
    },
    "0xcead721ef5b11f1a7b530171aab69b16c5e66b6e.sol": {
        "reentrancy": [
            29
        ]
    },
    "0xf015c35649c82f5467c9c74b7f28ee67665aad68.sol": {
        "reentrancy": [
            29
        ]
    },
    "etherbank.sol": {
        "reentrancy": [
            21
        ]
    },
    "etherstore.sol": {
        "reentrancy": [
            27
        ]
    },
    "modifier_reentrancy.sol": {
        "reentrancy": [
            15
        ]
    },
    "reentrance.sol": {
        "reentrancy": [
            24
        ]
    },
    "reentrancy_bonus.sol": {
        "reentrancy": [
            28
        ]
    },
    "reentrancy_cross_function.sol": {
        "reentrancy": [
            24
        ]
    },
    "reentrancy_dao.sol": {
        "reentrancy": [
            18
        ]
    },
    "reentrancy_insecure.sol": {
        "reentrancy": [
            17
        ]
    },
    "reentrancy_simple.sol": {
        "reentrancy": [
            24
        ]
    },
    "simple_dao.sol": {
        "reentrancy": [
            19
        ]
    },
    "spank_chain_payment.sol": {
        "reentrancy": [
            426,
            430
        ]
    },
    "short_address_example.sol": {
        "short_addresses": [
            18
        ]
    },
    "ether_lotto.sol": {
        "time_manipulation": [
            43
        ]
    },
    "governmental_survey.sol": {
        "time_manipulation": [
            27
        ]
    },
    "lottopollo.sol": {
        "time_manipulation": [
            13,
            27
        ]
    },
    "roulette.sol": {
        "time_manipulation": [
            18,
            20
        ]
    },
    "timed_crowdsale.sol": {
        "time_manipulation": [
            13
        ]
    },
    "0x07f7ecb66d788ab01dc93b9b71a88401de7d0f2e.sol": {
        "unchecked_low_level_calls": [
            201,
            213
        ]
    },
    "0x0cbe050f75bc8f8c2d6c0d249fea125fd6e1acc9.sol": {
        "unchecked_low_level_calls": [
            12
        ]
    },
    "0x19cf8481ea15427a98ba3cdd6d9e14690011ab10.sol": {
        "unchecked_low_level_calls": [
            439,
            465
        ]
    },
    "0x2972d548497286d18e92b5fa1f8f9139e5653fd2.sol": {
        "unchecked_low_level_calls": [
            14
        ]
    },
    "0x39cfd754c85023648bf003bea2dd498c5612abfa.sol": {
        "unchecked_low_level_calls": [
            44,
            97
        ]
    },
    "0x3a0e9acd953ffc0dd18d63603488846a6b8b2b01.sol": {
        "unchecked_low_level_calls": [
            44,
            97
        ]
    },
    "0x3e013fc32a54c4c5b6991ba539dcd0ec4355c859.sol": {
        "unchecked_low_level_calls": [
            29
        ]
    },
    "0x3f2ef511aa6e75231e4deafc7a3d2ecab3741de2.sol": {
        "unchecked_low_level_calls": [
            45
        ]
    },
    "0x4051334adc52057aca763453820cb0e045076ef3.sol": {
        "unchecked_low_level_calls": [
            16
        ]
    },
    "0x4a66ad0bca2d700f11e1f2fc2c106f7d3264504c.sol": {
        "unchecked_low_level_calls": [
            19
        ]
    },
    "0x4b71ad9c1a84b9b643aa54fdd66e2dec96e8b152.sol": {
        "unchecked_low_level_calls": [
            17
        ]
    },
    "0x524960d55174d912768678d8c606b4d50b79d7b1.sol": {
        "unchecked_low_level_calls": [
            21
        ]
    },
    "0x52d2e0f9b01101a59b38a3d05c80b7618aeed984.sol": {
        "unchecked_low_level_calls": [
            27
        ]
    },
    "0x5aa88d2901c68fda244f1d0584400368d2c8e739.sol": {
        "unchecked_low_level_calls": [
            29
        ]
    },
    "0x610495793564aed0f9c7fc48dc4c7c9151d34fd6.sol": {
        "unchecked_low_level_calls": [
            33
        ]
    },
    "0x663e4229142a27f00bafb5d087e1e730648314c3.sol": {
        "unchecked_low_level_calls": [
            1152,
            1496,
            2467
        ]
    },
    "0x70f9eddb3931491aab1aeafbc1e7f1ca2a012db4.sol": {
        "unchecked_low_level_calls": [
            29
        ]
    },
    "0x78c2a1e91b52bca4130b6ed9edd9fbcfd4671c37.sol": {
        "unchecked_low_level_calls": [
            45
        ]
    },
    "0x7a4349a749e59a5736efb7826ee3496a2dfd5489.sol": {
        "unchecked_low_level_calls": [
            44
        ]
    },
    "0x7d09edb07d23acb532a82be3da5c17d9d85806b4.sol": {
        "unchecked_low_level_calls": [
            198,
            210
        ]
    },
    "0x806a6bd219f162442d992bdc4ee6eba1f2c5a707.sol": {
        "unchecked_low_level_calls": [
            44
        ]
    },
    "0x84d9ec85c9c568eb332b7226a8f826d897e0a4a8.sol": {
        "unchecked_low_level_calls": [
            56
        ]
    },
    "0x89c1b3807d4c67df034fffb62f3509561218d30b.sol": {
        "unchecked_low_level_calls": [
            162,
            175,
            180,
            192
        ]
    },
    "0x8fd1e427396ddb511533cf9abdbebd0a7e08da35.sol": {
        "unchecked_low_level_calls": [
            44,
            97
        ]
    },
    "0x958a8f594101d2c0485a52319f29b2647f2ebc06.sol": {
        "unchecked_low_level_calls": [
            55
        ]
    },
    "0x9d06cbafa865037a01d322d3f4222fa3e04e5488.sol": {
        "unchecked_low_level_calls": [
            54,
            65
        ]
    },
    "0xa1fceeff3acc57d257b917e30c4df661401d6431.sol": {
        "unchecked_low_level_calls": [
            31
        ]
    },
    "0xa46edd6a9a93feec36576ee5048146870ea2c3ae.sol": {
        "unchecked_low_level_calls": [
            16
        ]
    },
    "0xb0510d68f210b7db66e8c7c814f22680f2b8d1d6.sol": {
        "unchecked_low_level_calls": [
            69,
            71,
            73,
            75,
            102
        ]
    },
    "0xb11b2fed6c9354f7aa2f658d3b4d7b31d8a13b77.sol": {
        "unchecked_low_level_calls": [
            14
        ]
    },
    "0xb37f18af15bafb869a065b61fc83cfc44ed9cc27.sol": {
        "unchecked_low_level_calls": [
            33
        ]
    },
    "0xb620cee6b52f96f3c6b253e6eea556aa2d214a99.sol": {
        "unchecked_low_level_calls": [
            100,
            106,
            133
        ]
    },
    "0xb7c5c5aa4d42967efe906e1b66cb8df9cebf04f7.sol": {
        "unchecked_low_level_calls": [
            25
        ]
    },
    "0xbaa3de6504690efb064420d89e871c27065cdd52.sol": {
        "unchecked_low_level_calls": [
            14
        ]
    },
    "0xbebbfe5b549f5db6e6c78ca97cac19d1fb03082c.sol": {
        "unchecked_low_level_calls": [
            14
        ]
    },
    "0xd2018bfaa266a9ec0a1a84b061640faa009def76.sol": {
        "unchecked_low_level_calls": [
            44
        ]
    },
    "0xd5967fed03e85d1cce44cab284695b41bc675b5c.sol": {
        "unchecked_low_level_calls": [
            16
        ]
    },
    "0xdb1c55f6926e7d847ddf8678905ad871a68199d2.sol": {
        "unchecked_low_level_calls": [
            39
        ]
    },
    "0xe09b1ab8111c2729a76f16de96bc86a7af837928.sol": {
        "unchecked_low_level_calls": [
            150
        ]
    },
    "0xe4eabdca81e31d9acbc4af76b30f532b6ed7f3bf.sol": {
        "unchecked_low_level_calls": [
            44
        ]
    },
    "0xe82f0742a71a02b9e9ffc142fdcb6eb1ed06fb87.sol": {
        "unchecked_low_level_calls": [
            39
        ]
    },
    "0xe894d54dca59cb53fe9cbc5155093605c7068220.sol": {
        "unchecked_low_level_calls": [
            17
        ]
    },
    "0xec329ffc97d75fe03428ae155fc7793431487f63.sol": {
        "unchecked_low_level_calls": [
            30
        ]
    },
    "0xf2570186500a46986f3139f65afedc2afe4f445d.sol": {
        "unchecked_low_level_calls": [
            18
        ]
    },
    "0xf29ebe930a539a60279ace72c707cba851a57707.sol": {
        "unchecked_low_level_calls": [
            16
        ]
    },
    "0xf70d589d76eebdd7c12cc5eec99f8f6fa4233b9e.sol": {
        "unchecked_low_level_calls": [
            45
        ]
    },
    "etherpot_lotto.sol": {
        "unchecked_low_level_calls": [
            109,
            141
        ]
    },
    "king_of_the_ether_throne.sol": {
        "unchecked_low_level_calls": [
            110,
            118,
            132,
            174
        ]
    },
    "lotto.sol": {
        "unchecked_low_level_calls": [
            20,
            27
        ]
    },
    "mishandled.sol": {
        "unchecked_low_level_calls": [
            14
        ]
    },
    "unchecked_return_value.sol": {
        "unchecked_low_level_calls": [
            17
        ]
    }

}